{
    "total_variation": {
        "Quality": [
            -0.10048941697611197,
            5.6581663072300855e-05
        ],
        "Authenticity": [
            -0.008244684489813163,
            0.7417511615824626
        ],
        "Correspondence": [
            0.0023309417482090824,
            0.9257725362863716
        ]
    },
    "brisque": {
        "Quality": [
            -0.04638016327857233,
            0.06363125529227295
        ],
        "Authenticity": [
            -0.043991580156531734,
            0.07855380055768668
        ],
        "Correspondence": [
            -0.07881329764108692,
            0.0016051099019708539
        ]
    }
}