{
    "SD": {
        "psnr": [
            11.677627563476562,
            10.180477142333984,
            12.272642135620117,
            11.5198335647583
        ],
        "ssim": [
            0.19763803482055664,
            0.1991189569234848,
            0.2327798455953598,
            0.22511304914951324
        ],
        "multi_scale_ssim": [
            0.22757183015346527,
            0.24119706451892853,
            0.2833044230937958,
            0.19376711547374725
        ],
        "information_weighted_ssim": [
            0.16523198783397675,
            0.19161392748355865,
            0.22319743037223816,
            0.16739590466022491
        ],
        "vif_p": [
            0.021675487980246544,
            0.026827314868569374,
            0.026941291987895966,
            0.020775873214006424
        ],
        "fsim": [
            0.5840710997581482,
            0.5740379095077515,
            0.5923035740852356,
            0.5819694995880127
        ],
        "srsim": [
            0.7217892408370972,
            0.7142571210861206,
            0.7059977650642395,
            0.7097705602645874
        ],
        "gmsd": [
            0.2689221501350403,
            0.2832622528076172,
            0.2701551020145416,
            0.2640020251274109
        ],
        "multi_scale_gmsd": [
            0.2799355983734131,
            0.2901060879230499,
            0.2793152928352356,
            0.2765967547893524
        ],
        "vsi": [
            0.8169866800308228,
            0.8135653138160706,
            0.8284851908683777,
            0.8101407885551453
        ],
        "dss": [
            0.1778685748577118,
            0.13752461969852448,
            0.18410716950893402,
            0.16931496560573578
        ],
        "haarpsi": [
            0.2608579397201538,
            0.2517757713794708,
            0.2706068754196167,
            0.2749710977077484
        ],
        "mdsi": [
            0.5494423508644104,
            0.5625078082084656,
            0.5175161361694336,
            0.5306543707847595
        ],
        "ContentLoss": [
            5947.951171875,
            6957.4541015625,
            5074.47119140625,
            5466.39990234375
        ],
        "StyleLoss": [
            36344808.0,
            100106280.0,
            20998374.0,
            33491852.0
        ],
        "LPIPS": [
            0.6661341786384583,
            0.5995191335678101,
            0.643470048904419,
            0.6274433135986328
        ],
        "PieAPP": [
            2.8099350929260254,
            5.096196174621582,
            2.690969228744507,
            3.105851888656616
        ],
        "DISTS": [
            0.2730693817138672,
            0.2731255888938904,
            0.2675456404685974,
            0.27927106618881226
        ],
        "total_variation": [
            48.361839294433594,
            56.016170501708984,
            45.355010986328125,
            55.38981628417969
        ],
        "brisque": [
            19.8331298828125,
            30.2178955078125,
            35.5628662109375,
            23.85272216796875
        ]
    },
    "MJ": {
        "psnr": [
            8.363214492797852,
            7.4164347648620605,
            7.472520351409912,
            6.449875831604004
        ],
        "ssim": [
            0.18553972244262695,
            0.14652040600776672,
            0.13663284480571747,
            0.12327929586172104
        ],
        "multi_scale_ssim": [
            0.0918297991156578,
            0.0,
            0.05982053279876709,
            0.028927991166710854
        ],
        "information_weighted_ssim": [
            0.08566576987504959,
            0.0665445327758789,
            0.0769755095243454,
            0.03928668424487114
        ],
        "vif_p": [
            0.018370335921645164,
            0.015578806400299072,
            0.015140914358198643,
            0.016158107668161392
        ],
        "fsim": [
            0.6100032925605774,
            0.5956498980522156,
            0.5402581095695496,
            0.5797364711761475
        ],
        "srsim": [
            0.7474625110626221,
            0.7110846638679504,
            0.669289231300354,
            0.717739999294281
        ],
        "gmsd": [
            0.2702346742153168,
            0.2679426968097687,
            0.2947344481945038,
            0.27991050481796265
        ],
        "multi_scale_gmsd": [
            0.2798231840133667,
            0.276572585105896,
            0.3007615804672241,
            0.2876129150390625
        ],
        "vsi": [
            0.8305460214614868,
            0.8111931681632996,
            0.7855363488197327,
            0.8139508962631226
        ],
        "dss": [
            0.14894181489944458,
            0.13848549127578735,
            0.12560434639453888,
            0.1550574004650116
        ],
        "haarpsi": [
            0.2623296082019806,
            0.25156378746032715,
            0.2374354749917984,
            0.23052005469799042
        ],
        "mdsi": [
            0.5078633427619934,
            0.5192422270774841,
            0.5621256828308105,
            0.5182892680168152
        ],
        "ContentLoss": [
            5651.294921875,
            5917.01953125,
            6978.3642578125,
            6049.03857421875
        ],
        "StyleLoss": [
            32531920.0,
            40072728.0,
            72658256.0,
            40766120.0
        ],
        "LPIPS": [
            0.721787691116333,
            0.6983087658882141,
            0.7148324251174927,
            0.6926102638244629
        ],
        "PieAPP": [
            3.370511293411255,
            3.8291094303131104,
            4.66103458404541,
            4.212433815002441
        ],
        "DISTS": [
            0.30045801401138306,
            0.3339715003967285,
            0.32305431365966797,
            0.3150827884674072
        ],
        "total_variation": [
            30.992652893066406,
            36.68819808959961,
            47.394039154052734,
            37.26654052734375
        ],
        "brisque": [
            28.45098876953125,
            44.9752197265625,
            23.61383056640625,
            32.15289306640625
        ]
    }
}