{
    "CLIPIQA": {
        "Quality": [
            -0.023074660915309162,
            0.35632627966345687
        ],
        "Authenticity": [
            -0.0022785276001542044,
            0.9274369759552532
        ],
        "Correspondence": [
            0.10695591371051294,
            1.8094288097348163e-05
        ]
    }
}