{
    "psnr": {
        "Quality": [
            -0.12752413660216091,
            3.089778770967703e-07
        ],
        "Authenticity": [
            0.019551183653060567,
            0.43450209954040897
        ],
        "Correspondence": [
            0.09680892992225142,
            0.00010512696418887416
        ]
    },
    "ssim": {
        "Quality": [
            -0.002350466203746594,
            0.9251526091931743
        ],
        "Authenticity": [
            0.046020268611280044,
            0.06571728737650016
        ],
        "Correspondence": [
            0.1068368510024745,
            1.848918081185598e-05
        ]
    },
    "multi_scale_ssim": {
        "Quality": [
            -0.1130422970437536,
            5.823629672361219e-06
        ],
        "Authenticity": [
            0.0387787355884533,
            0.12101667228980492
        ],
        "Correspondence": [
            0.10517177439579128,
            2.494706672828655e-05
        ]
    },
    "information_weighted_ssim": {
        "Quality": [
            -0.09515034639581112,
            0.0001380198768428601
        ],
        "Authenticity": [
            0.04309661971750415,
            0.08483099856399261
        ],
        "Correspondence": [
            0.11031525225262827,
            9.749055787629945e-06
        ]
    },
    "vif_p": {
        "Quality": [
            -0.046514158530612436,
            0.06286868280725373
        ],
        "Authenticity": [
            0.053641649228457565,
            0.031910188246158724
        ],
        "Correspondence": [
            0.1318891517308414,
            1.1928590275190984e-07
        ]
    },
    "fsim": {
        "Quality": [
            -0.004452747953113833,
            0.8587452780582998
        ],
        "Authenticity": [
            0.06740695908363244,
            0.006991702150908875
        ],
        "Correspondence": [
            0.1562116138879422,
            3.33849034224035e-10
        ]
    },
    "srsim": {
        "Quality": [
            -0.002890689677586122,
            0.9080191289469417
        ],
        "Authenticity": [
            0.06445928519426875,
            0.009907568632105125
        ],
        "Correspondence": [
            0.2127817056719196,
            7.74421482335294e-18
        ]
    },
    "gmsd": {
        "Quality": [
            -0.007355344633268148,
            0.7687672069826472
        ],
        "Authenticity": [
            -0.03407773242280643,
            0.1730591661021772
        ],
        "Correspondence": [
            -0.2182030794133219,
            1.0667394745613577e-18
        ]
    },
    "multi_scale_gmsd": {
        "Quality": [
            -0.011424880092074149,
            0.647920513465801
        ],
        "Authenticity": [
            -0.033650496779006105,
            0.1785125843671826
        ],
        "Correspondence": [
            -0.2268058173066894,
            4.1116865768759154e-20
        ]
    },
    "vsi": {
        "Quality": [
            0.01768910344430299,
            0.47952516947062884
        ],
        "Authenticity": [
            0.08173326040291297,
            0.0010669472105254959
        ],
        "Correspondence": [
            0.21525260549392028,
            3.1584622839798342e-18
        ]
    },
    "dss": {
        "Quality": [
            0.008630638794275418,
            0.7301228097151496
        ],
        "Authenticity": [
            0.054886632459043454,
            0.028134597972049355
        ],
        "Correspondence": [
            0.2306926494997148,
            9.03004285534674e-21
        ]
    },
    "haarpsi": {
        "Quality": [
            -0.04291214627471717,
            0.08617397956663472
        ],
        "Authenticity": [
            0.043289671127146295,
            0.0834437324774803
        ],
        "Correspondence": [
            0.19522656047040685,
            3.3030689074685056e-15
        ]
    },
    "mdsi": {
        "Quality": [
            0.07088873252915905,
            0.0045553496923392755
        ],
        "Authenticity": [
            0.05733942258279357,
            0.02180936922362832
        ],
        "Correspondence": [
            -0.09852883560443422,
            7.891151858560116e-05
        ]
    },
    "ContentLoss": {
        "Quality": [
            0.00870759447714858,
            0.7278115203506568
        ],
        "Authenticity": [
            -0.02856336710305328,
            0.25350609401023977
        ],
        "Correspondence": [
            -0.07787456896396588,
            0.0018252621065141354
        ]
    },
    "StyleLoss": {
        "Quality": [
            -0.04540303477869373,
            0.06942586620321331
        ],
        "Authenticity": [
            -0.1068077961237219,
            1.8586784084890932e-05
        ],
        "Correspondence": [
            -0.16659887313582467,
            2.0049687647660876e-11
        ]
    },
    "LPIPS": {
        "Quality": [
            0.1119305348773618,
            7.1951921417062505e-06
        ],
        "Authenticity": [
            -0.061454155682945155,
            0.013949195144379381
        ],
        "Correspondence": [
            -0.12222158992989647,
            9.417453295779425e-07
        ]
    },
    "PieAPP": {
        "Quality": [
            -0.1110764725496434,
            8.453155693610087e-06
        ],
        "Authenticity": [
            -0.1471041714696832,
            3.3847933411473953e-09
        ],
        "Correspondence": [
            -0.18009861977544456,
            3.936212964043155e-13
        ]
    },
    "DISTS": {
        "Quality": [
            0.0018193320991319254,
            0.9420317424256902
        ],
        "Authenticity": [
            -0.14327117960669603,
            8.608604084922563e-09
        ],
        "Correspondence": [
            -0.26181876153212275,
            1.727017047021092e-26
        ]
    },
    "total_variation": {
        "Quality": [
            -0.10048941697611197,
            5.6581663072300855e-05
        ],
        "Authenticity": [
            -0.008244684489813163,
            0.7417511615824626
        ],
        "Correspondence": [
            0.0023309417482090824,
            0.9257725362863716
        ]
    },
    "brisque": {
        "Quality": [
            -0.04638016327857233,
            0.06363125529227295
        ],
        "Authenticity": [
            -0.043991580156531734,
            0.07855380055768668
        ],
        "Correspondence": [
            -0.07881329764108692,
            0.0016051099019708539
        ]
    },
    "CLIPIQA": {
        "Quality": [
            -0.023074660915309162,
            0.35632627966345687
        ],
        "Authenticity": [
            -0.0022785276001542044,
            0.9274369759552532
        ],
        "Correspondence": [
            0.10695591371051294,
            1.8094288097348163e-05
        ]
    }
}